[
    {
        "rule_id": 1,
        "rule_type": "function-error",
        "rule_parent_id": -1,
        "app_id": -1,
        "rule_name": "Function Error",
        "description": "Triggered when one of the watched functions returns FALSE",
        "regex_match": "curl_exec|fopen|file_get_contents|file_put_contents|fsockopen|ftp_connect|ftp_ssl_connect|ldap_connect|pcntl_exec|socket_connect|stream_socket_client",
        "conditions":
        [
            {
                "condition_id": 1,
                "severity": "warning"
            }
        ],
        "actions":[]
    },
    {
        "rule_id": 2,
        "rule_type": "function-error",
        "rule_parent_id": -1,
        "app_id": -1,
        "rule_name": "Database Error",
        "description": "Triggered when one of the watched database functions returns FALSE",
        "regex_match": "mssql_connect|mssql_execute|mssql_query|mssql_unbuffered_query|mysql_connect|mysql_db_query|mysql_query|mysql_unbuffered_query|mysqli_connect|mysqli_execute|mysqli_master_query|mysqli_multi_query|mysqli_query|mysqli_real_connect|mysqli_real_query|mysqli_rpl_query_type|mysqli_send_query|mysqli_slave_query|mysqli_stmt_execute|oci_connect|ociexecute|oci_execute|ocilogon|oci_new_connect|odbc_connect|odbc_exec|odbc_execute|ora_exec|PDO::exec|PDO::prepare|PDO::query|pg_connect|pg_exec|pg_query|pg_send_query|sqlite_array_query|sqlite_exec|sqlite_query|sqlite_single_query|sqlite_unbuffered_query|db2_connect|db2_exec|db2_execute|db2_prepare|SQLite3::exec|SQLite3::query|SQLite3::querySingle|SQLite3Stmt::execute|Mongo.*|PDO::__construct|PDO::exec|PDO::prepare|PDO::query|PDOStatement::bindValue|PDOStatement::bindParam|PDOStatement::execute",
        "conditions":
        [
            {
                "condition_id": 1,
                "severity": "critical"
            }
        ],
        "actions":[]
    },
    {
        "rule_id":  3,
        "rule_type":    "function-slow-exec",
        "rule_parent_id":   -1,
        "app_id":   -1,
        "rule_name":    "Slow Function Execution",
        "description":  "Triggered when one of the watched functions runs longer than the specified duration",
        "regex_match": "curl_exec|curl_multi_exec|dom_xpath_query|exec|fopen|file_get_contents|file_put_contents|fsockopen|ftp_connect|ftp_ssl_connect|ldap_connect|pcntl_exec|shell_exec|socket_connect|stream_socket_client|SoapClient::__call|SoapClient::__soapCall",
        "conditions":
        [
            {
                "condition_id": 1,
                "severity": "critical",
                "threshold": 2000
            },
            {
                "condition_id": 2,
                "severity": "warning",
                "threshold": 1000
            }
        ]
    },
    {
        "rule_id":  4,
        "rule_type":    "function-slow-exec",
        "rule_parent_id":   -1,
        "app_id":   -1,
        "rule_name":    "Slow Query Execution",
        "description":  "Triggered when one of the watched database functions runs longer than the specified duration",
        "regex_match": "mssql_execute|mssql_query|mssql_unbuffered_query|mysql_db_query|mysql_query|mysql_unbuffered_query|mysqli_execute|mysqli_master_query|mysqli_multi_query|mysqli_query|mysqli_real_connect|mysqli_real_query|mysqli_send_query|mysqli_slave_query|mysqli_stmt_execute|ociexecute|oci_execute|odbc_exec|odbc_execute|ora_exec|PDO::__construct|PDO::exec|PDO::query|PDOStatement::fetchAll|PDOStatement::execute|pg_exec|pg_query|pg_send_query|sqlite_array_query|sqlite_exec|sqlite_query|sqlite_single_query|sqlite_unbuffered_query|db2_exec|db2_execute|SQLite3::exec|SQLite3::query|SQLite3::querySingle|SQLite3Stmt::execute|Mongo.*",
        "conditions":
        [
            {
                "condition_id": 1,
                "severity": "critical",
                "threshold": 2000
            },
            {
                "condition_id": 2,
                "severity": "warning",
                "threshold": 1000
            }
        ]
    },
    {
        "rule_id":  5,
        "rule_type":    "request-slow-exec",
        "rule_parent_id":   -1,
        "app_id":   -1,
        "rule_name":    "Slow Request Execution",
        "description":  "Triggered when a PHP request's runtime is longer than the specified duration",
        "conditions":
        [
            {
                "condition_id": 1,
                "severity": "critical",
                "threshold": 5000
            },
            {
                "condition_id": 2,
                "severity": "warning",
                "threshold": 2000
            }
        ]
    },
    {
        "rule_id":  6,
        "rule_type":    "request-high-mem-usage",
        "rule_parent_id":   -1,
        "app_id":   -1,
        "rule_name":    "High Memory Usage",
        "description":  "Triggered when a PHP request consumes more than the specified amount of memory",
        "conditions":
        [
            {
                "condition_id": 1,
                "severity": "critical",
                "threshold": 49152
            },
            {
                "condition_id": 2,
                "severity": "warning",
                "threshold": 24576
            }
        ]
    },
    {
        "rule_id":  7,
        "rule_type":    "php-error",
        "rule_parent_id":   -1,
        "app_id":   -1,
        "rule_name":    "PHP Error",
        "description":  "Triggered when a PHP error of one of the selected error levels is reported",
        "conditions":
        [
            {
                "condition_id": 1,
                "severity": "critical",
                "mask": 85
            },
            {
                "condition_id": 2,
                "severity": "warning",
                "mask": 6050
            }
        ]
    },
    {
        "rule_id": 8,
        "rule_type": "custom",
        "rule_parent_id": -1,
        "rule_name" : "Custom Event",
        "description": "Triggered when the API function 'zend_monitor_custom_event' is called from inside PHP code",
        "conditions":
        [
            {
                "condition_id": 1,
                "severity": "warning"
            }
        ]
    },
    {
        "rule_id": 9,
        "rule_type": "jq-exec-failure",
        "rule_name": "Job Execution Error",
        "description": "Triggered when the system is unable to run a queued or scheduled job",
        "conditions":
        [
            {
                "condition_id": 1,
                "severity": "critical",
                "mask": 15
            }
        ]
    },
    {
        "rule_id": 10,
        "rule_type": "jq-exec-delay",
        "rule_name": "Job Execution Delay",
        "description": "Triggered when a job starts in delay",
        "conditions":
        [
            {
                "condition_id": 1,
                "severity": "notice",
                "threshold": 0
            }
        ]
    }
]
